Name,URL,Submit URL,Type,Category,Description
AdvertiseCast,https://advertisecast.com,https://advertisecast.com,Free,Sponsorship,
African Podcast,https://africanpodcast.com,https://africanpodcast.com/submit,Free,Directory,
All Podcasts,https://allpodcasts.com,https://allpodcasts.com/submit,Free,Directory,
All Things Comedy,https://allthingscomedy.com,https://allthingscomedy.com/submit,Free,Network,
Amazon Music,https://music.amazon.com,https://podcasters.amazon.com,Free,Major Platform,
Anchor,https://anchor.fm,https://anchor.fm,Free,Hosting,
Apple Podcasts,https://podcasts.apple.com,https://podcastsconnect.apple.com,Free,Major Platform,
Asian Podcast,https://asianpodcast.com,https://asianpodcast.com/submit,Free,Directory,
Audiomack,https://audiomack.com,https://audiomack.com/upload-podcast,Free,Platform,
Breaker,https://breaker.audio,https://breaker.audio,Free,Social,
Business Podcasts,https://businesspodcasts.com,https://businesspodcasts.com/submit,Free,Genre,
Castbox,https://castbox.fm,https://castbox.fm/podcasters,Free,App,
Castro,https://castro.fm,https://castro.fm/support,Free,App,
Comedy Podcasts,https://comedypodcasts.com,https://comedypodcasts.com/submit,Free,Genre,
Curiocaster,https://curiocaster.com,https://curiocaster.com,Free,App,
Deezer,https://deezer.com,https://podcasters.deezer.com,Free,Platform,
Digital Podcast,https://digitalpodcast.com,https://digitalpodcast.com/submit,Free,Directory,
Discover Pods,https://discoverpods.com,https://discoverpods.com/submit,Free,Discovery,
Educational Podcasts,https://educationalpodcasts.com,https://educationalpodcasts.com/submit,Free,Genre,
Entale,https://entale.app,https://entale.app,Free,App,
European Podcast,https://europeanpodcast.com,https://europeanpodcast.com/submit,Free,Directory,
Exactly Right,https://exactlyrightmedia.com,https://exactlyrightmedia.com/contact,Free,Network,
Fountain,https://fountain.fm,https://fountain.fm,Free,App,
Fyyd,https://fyyd.de,https://fyyd.de,Free,Directory,
Gaana,https://gaana.com,https://gaana.com,Free,Platform,
Global Player,https://globalplayer.com,https://globalplayer.com,Free,Platform,
Goodpods,https://goodpods.com,https://goodpods.com/claim-podcast,Free,Discovery,
Google Podcasts,https://podcasts.google.com,https://search.google.com/devtools/podcast/preview,Free,Major Platform,
Gumball,https://gumball.fm,https://gumball.fm,Free,Sponsorship,
Health Podcasts,https://healthpodcasts.com,https://healthpodcasts.com/submit,Free,Genre,
Himalaya,https://himalaya.com,https://himalaya.com,Free,Platform,
History Podcasts,https://historypodcasts.com,https://historypodcasts.com/submit,Free,Genre,
Indie Podcasts,https://indiepodcasts.com,https://indiepodcasts.com/submit,Free,Directory,
JioSaavn,https://jiosaavn.com,https://jiosaavn.com,Free,Platform,
Latin Podcast,https://latinpodcast.com,https://latinpodcast.com/submit,Free,Directory,
Laughable,https://laughable.com,https://laughable.com,Free,Comedy,
Listen Notes,https://listennotes.com,https://listennotes.com/submit,Free,Directory,
Listen Podcast,https://listenpodcast.com,https://listenpodcast.com/submit,Free,Directory,
My Podcast Reviews,https://mypodcastreviews.com,https://mypodcastreviews.com/submit,Free,Reviews,
News Podcasts,https://newspodcasts.com,https://newspodcasts.com/submit,Free,Genre,
OP3,https://op3.dev,https://op3.dev,Free,Analytics,
Overcast,https://overcast.fm,https://overcast.fm/podcasterinfo,Free,App,
Owltail,https://owltail.com,https://owltail.com/submit,Free,Discovery,
Pandora,https://pandora.com,https://amp.pandora.com,Free,Platform,
Player FM,https://player.fm,https://player.fm/importer/feed,Free,App,
Pocket Casts,https://pocketcasts.com,https://pocketcasts.com/submit,Free,App,
Pod.co,https://pod.co,https://pod.co,Free,Community,
PodCruncher,https://podcruncher.com,https://podcruncher.com,Free,App,
PodLink,https://pod.link,https://pod.link,Free,Tool,
PodParadise,https://podparadise.com,https://podparadise.com/submit,Free,Directory,
PodQuest,https://podquest.co,https://podquest.co/submit,Free,Discovery,
PodSearch,https://podsearch.com,https://podsearch.com/submit,Free,Directory,
Podbay,https://podbay.fm,https://podbay.fm/submit,Free,Directory,
Podcast Addict,https://podcastaddict.com,https://podcastaddict.com/submit,Free,App,
Podcast Alley,https://podcastalley.com,https://podcastalley.com/add_a_podcast,Free,Directory,
Podcast Australia,https://podcastaustralia.com,https://podcastaustralia.com/submit,Free,Directory,
Podcast Brasil,https://podcastbrasil.com,https://podcastbrasil.com/submit,Free,Directory,
Podcast Canada,https://podcastcanada.com,https://podcastcanada.com/submit,Free,Directory,
Podcast Chart,https://podcastchart.com,https://podcastchart.com/submit,Free,Directory,
Podcast Deutschland,https://podcastdeutschland.de,https://podcastdeutschland.de/submit,Free,Directory,
Podcast Directory UK,https://podcastdirectory.uk,https://podcastdirectory.uk/submit,Free,Directory,
Podcast Engineering,https://podcastengineering.com,https://podcastengineering.com,Free,Technical,
Podcast España,https://podcastespana.com,https://podcastespana.com/submit,Free,Directory,
Podcast France,https://podcastfrance.com,https://podcastfrance.com/submit,Free,Directory,
Podcast Guru,https://podcastguru.io,https://podcastguru.io,Free,App,
Podcast Hosting Reviews,https://podcasthostingreviews.com,https://podcasthostingreviews.com,Free,Reviews,
Podcast Index,https://podcastindex.org,https://podcastindex.org,Free,Directory,
Podcast Insights,https://podcastinsights.com,https://podcastinsights.com/submit,Free,Resource,
Podcast Italia,https://podcastitalia.com,https://podcastitalia.com/submit,Free,Directory,
Podcast Junkies,https://podcastjunkies.com,https://podcastjunkies.com/submit,Free,Community,
Podcast Legends,https://podcastlegends.com,https://podcastlegends.com/submit,Free,Directory,
Podcast Mirror,https://podcastmirror.com,https://podcastmirror.com/submit,Free,Directory,
Podcast Movement,https://podcastmovement.com,https://podcastmovement.com/submit,Free,Community,
Podcast Network,https://podcastnetwork.com,https://podcastnetwork.com/submit,Free,Network,
Podcast Picker,https://podcastpicker.com,https://podcastpicker.com/submit,Free,Directory,
Podcast Playlist,https://podcastplaylist.com,https://podcastplaylist.com/submit,Free,Playlists,
Podcast Republic,https://podcastrepublic.net,https://podcastrepublic.net/submit,Free,App,
Podcast Shownotes,https://podcastshownotes.com,https://podcastshownotes.com/submit,Free,Tool,
Podcast Website,https://podcastwebsite.com,https://podcastwebsite.com/submit,Free,Directory,
PodcastBiz,https://podcastbiz.com,https://podcastbiz.com/submit,Free,Business,
PodcastLand,https://podcast.land,https://podcast.land/submit,Free,Directory,
PodcastOne,https://podcastone.com,https://podcastone.com/submit,Free,Network,
Podcasty,https://podcasty.com,https://podcasty.com/submit,Free,Directory,
Podchamp,https://podchamp.com,https://podchamp.com/submit,Free,Directory,
Podcorn,https://podcorn.com,https://podcorn.com/join,Free,Sponsorship,
Podfest,https://podfest.us,https://podfest.us,Free,Event,
Podfollow,https://podfollow.com,https://podfollow.com,Free,Tool,
Podfriend,https://podfriend.com,https://podfriend.com,Free,App,
Podknife,https://podknife.com,https://podknife.com/submit,Free,Directory,
Podmust,https://podmust.com,https://podmust.com/submit-podcast,Free,Discovery,
Podnews,https://podnews.net,https://podnews.net/submit,Free,News,
Podtail,https://podtail.com,https://podtail.com/add-podcast,Free,Directory,
Podurama,https://podurama.com,https://podurama.com/submit,Free,Directory,
Podverse,https://podverse.fm,https://podverse.fm,Free,App,
Podyssey,https://podyssey.fm,https://podyssey.fm/claim,Free,Discovery,
RadioPublic,https://radiopublic.com,https://radiopublic.com/add-a-podcast,Free,Discovery,
Science Podcasts,https://sciencepodcasts.com,https://sciencepodcasts.com/submit,Free,Genre,
Sports Podcasts,https://sportspodcasts.com,https://sportspodcasts.com/submit,Free,Genre,
Spotify,https://spotify.com,https://podcasters.spotify.com,Free,Major Platform,
Stitcher,https://stitcher.com,https://partners.stitcher.com,Free,Platform,
Tech Podcasts,https://techpodcasts.com,https://techpodcasts.com/submit,Free,Genre,
The Podcast Host,https://thepodcasthost.com,https://thepodcasthost.com/submit,Free,Resource,
True Crime Podcasts,https://truecrimepodcasts.com,https://truecrimepodcasts.com/submit,Free,Genre,
TuneIn,https://tunein.com,https://tunein.com/podcasts,Free,Platform,
YouTube Podcasts,https://youtube.com,https://youtube.com/podcasts,Free,Major Platform,
iHeartRadio,https://iheart.com,https://podcasters.iheart.com,Free,Major Platform,
Acast,https://acast.com,https://acast.com/get-started,Free/Paid,Hosting,
Audible,https://audible.com,https://audible.com/ep/podcasts,Free/Paid,Platform,
Audioboom,https://audioboom.com,https://audioboom.com/about/creators,Free/Paid,Hosting,
Blubrry,https://blubrry.com,https://blubrry.com/addpodcast,Free/Paid,Hosting,
Buzzsprout,https://buzzsprout.com,https://buzzsprout.com,Free/Paid,Hosting,
Chartable,https://chartable.com,https://chartable.com,Free/Paid,Analytics,
Headliner,https://headliner.app,https://headliner.app,Free/Paid,Tool,
Mixcloud,https://mixcloud.com,https://mixcloud.com/upload,Free/Paid,Platform,
Podbean,https://podbean.com,https://podbean.com/site/submitPodcast,Free/Paid,Hosting,
Podcast Analytics,https://podcastanalytics.com,https://podcastanalytics.com/submit,Free/Paid,Analytics,
Podcast Magazine,https://podcastmagazine.com,https://podcastmagazine.com/submit,Free/Paid,Publication,
Podchaser,https://podchaser.com,https://podchaser.com/creators,Free/Paid,Directory,
Podiant,https://podiant.co,https://podiant.co,Free/Paid,Hosting,
Podtrac,https://podtrac.com,https://podtrac.com,Free/Paid,Analytics,
RSS.com,https://rss.com,https://rss.com,Free/Paid,Hosting,
RedCircle,https://redcircle.com,https://redcircle.com,Free/Paid,Hosting,
Rephonic,https://rephonic.com,https://rephonic.com/claim,Free/Paid,Analytics,
SoundCloud,https://soundcloud.com,https://soundcloud.com/for/podcasting,Free/Paid,Platform,
Spreaker,https://spreaker.com,https://spreaker.com/cms/shows,Free/Paid,Hosting,
Wavve,https://wavve.co,https://wavve.co,Free/Paid,Tool,
Wondery,https://wondery.com,https://wondery.com/contact,Free/Paid,Network,
Art19,https://art19.com,https://art19.com,Paid,Hosting,
Authentic,https://authentic.show,https://authentic.show,Paid,Advertising,
Backtracks,https://backtracks.fm,https://backtracks.fm,Paid,Analytics,
Captivate,https://captivate.fm,https://captivate.fm,Paid,Hosting,
Castamatic,https://castamatic.com,https://castamatic.com,Paid,App,
Castos,https://castos.com,https://castos.com,Paid,Hosting,
Downcast,https://downcast.fm,https://downcast.fm,Paid,App,
Fireside,https://fireside.fm,https://fireside.fm,Paid,Hosting,
Luminary,https://luminarypodcasts.com,https://luminarypodcasts.com,Paid,Platform,
Magellan AI,https://magellan.ai,https://magellan.ai,Paid,Analytics,
Megaphone,https://megaphone.fm,https://megaphone.fm,Paid,Hosting,
Midroll,https://midroll.com,https://midroll.com,Paid,Advertising,
Omny Studio,https://omnystudio.com,https://omnystudio.com,Paid,Hosting,
PodServe,https://podserve.fm,https://podserve.fm,Paid,Hosting,
Podcast Editing,https://podcastediting.com,https://podcastediting.com,Paid,Service,
Podcast Hosting,https://podcasthosting.com,https://podcasthosting.com,Paid,Hosting,
Podcast Launch,https://podcastlaunch.com,https://podcastlaunch.com,Paid,Service,
Podcast Pro,https://podcastpro.com,https://podcastpro.com,Paid,Professional,
Podcast Studios,https://podcaststudios.com,https://podcaststudios.com,Paid,Production,
Podigee,https://podigee.com,https://podigee.com,Paid,Hosting,
Podimo,https://podimo.com,https://podimo.com,Paid,Platform,
Podpage,https://podpage.com,https://podpage.com,Paid,Tool,
Podscribe,https://podscribe.com,https://podscribe.com,Paid,Analytics,
Podsights,https://podsights.com,https://podsights.com,Paid,Analytics,
Scribd,https://scribd.com,https://scribd.com/podcasts,Paid,Platform,
Simplecast,https://simplecast.com,https://simplecast.com,Paid,Hosting,
Sounder,https://sounder.fm,https://sounder.fm,Paid,Tool,
Transistor,https://transistor.fm,https://transistor.fm,Paid,Hosting,
Whooshkaa,https://whooshkaa.com,https://whooshkaa.com,Paid,Hosting,
iCatcher,https://icatcherpodcast.com,https://icatcherpodcast.com,Paid,App,
